Виктор,18,male,+79525964151,skisterev78@mail.ru
grtrr,rthrh,male,7598797895795,chupahkin@gmail.com
grtrr,rthrh,male,7598797895795,chupahkin@gmail.com
ывыв,ывыв,male,7576757567,chupahkin@gmail.com
ывыв,ывыв,male,7576757567,chupahkin@gmail.com
ывыв,ывыв,male,7576757567,chupahkin@gmail.com
ывыв,ывыв,male,7576757567,chupahkin@gmail.com
gergrt,54,male,rtgrtg,chupahkin@gmail.com
gergrt,54,male,rtgrtg,chupahkin@gmail.com
gergrt,54,male,rtgrtg,chupahkin@gmail.com
gergrt,54,male,rtgrtg,chupahkin@gmail.com
gergrt,54,male,rtgrtg,chupahkin@gmail.com
gergrt,54,male,rtgrtg,chupahkin@gmail.com
grtrr,rthrh,male,7598797895795,chupahkin@gmail.com
grtrr,rthrh,male,7598797895795,chupahkin@gmail.com
grtrr,rthrh,male,7598797895795,chupahkin@gmail.com
grtrr,rthrh,male,7598797895795,chupahkin@gmail.com
grtrr,rthrh,male,7598797895795,chupahkin@gmail.com
grtrr,rthrh,male,7598797895795,chupahkin@gmail.com
grtrr,rthrh,male,7598797895795,chupahkin@gmail.com
grtrr,rthrh,male,7598797895795,chupahkin@gmail.com
grtrr,rthrh,male,7598797895795,chupahkin@gmail.com
grtrr,rthrh,male,7598797895795,chupahkin@gmail.com
grtrr,rthrh,male,7598797895795,chupahkin@gmail.com
efvrebr,545455,male,sfbfb,skisterev78@mail.ru
regerg,45,male,+74895893845,gdfgdfg@dsgsg.com
vsvsv,34,male,+73453453453,gdfgdfg@dsgsg.com
fsdfs,45,male,+73453453454,3454353@gnail.com
выаыва,34,male,"+7 (675) 756-75-75",chupahkin@gnail.com,
sadfad,45,male,"+7 (534) 534-53-45",gdfgdfg@gnail.com,
sadfad,45,male,"+7 (534) 534-53-45",gdfgdfg@gnail.com,1
авприкудлптукоипукои,45,male,"+7 (534) 534-53-45",gdfgdfg@gnail.com,1
ываукппппппппппппппп,18,male,"+7 (739) 243-97-42",gdfgdfg@gnail.com,1
rgeg,34,male,"+7 (545) 454-54-54",gdfgdfg@gnail.com,1
rgeg,34,male,"+7 (545) 454-54-54",gdfgdfg@gnail.com,1
упук,32,male,"+7 (345) 453-45-34",gdfgdfg@gnail.com,1
упук,32,male,"+7 (345) 453-45-34",your@email.com,1
упук,32,male,"+7 (345) 453-45-34",your@email.com,1
упук,32,male,"+7 (345) 453-45-34",your@gnail.com,1
